USE ntuadb;

INSERT INTO Customer (firstname, lastname, dateofbirth, number_of_indentification_document, type_of_indentification_document, issuing_authority) VALUES
                ('Konstantinos', 'Antoniou', '1998-04-06', 'AL-344513', 'ID', 'T.A. Evoias'),
                ('Zacharias', 'Anastasakis', '1998-05-03', 'AI-339213', 'ID', 'T.A. HRAKLEIOU'),
                ('Ioannis', 'Metzakis', '1998-02-17', 'AK-635524', 'ID', 'T.A. HRAKLEIOU'),
                ('Giorgos', 'Anastasiou', '1998-01-23', 'AL-632593', 'ID', 'T.A. Evoias'),
                ('Apostolis', 'Molivdas', '1998-05-25', 'AE0052412', 'Passport', 'A.E.A./D.D.-N.P.C'),
                ('Theofanis', 'Padazis', '1997-01-11', 'AP-995513', 'ID', 'T.A. Athens'),
                ('Paris', 'Dariveris', '1998-03-06', 'AI-355241', 'ID', 'T.A. Evoias'),
                ('Nikos', 'Apostolidis', '2000-04-09', 'AI-125478', 'ID', 'T.A. Thessalonikis'),
                ('Nikos', 'Arseniou', '1985-01-25', 'AP-852145', 'ID', 'T.A. Athens'),
                ('Konstantinos', 'Anastasiou', '1960-12-12', 'AL-236525', 'ID', 'T.A. Thessalonikis'),
                ('Konstantinos', 'Papadopoulos', '1950-01-25', 'AI-147825', 'ID', 'T.A. Athens'),
                ('Ioannis', 'Sotiriou', '1985-11-12', 'AL-222525', 'ID', 'T.A. Athens'),
                ('Giorgos', 'Antoniou', '1990-06-14', 'AK-996545', 'ID', 'T.A. Thessalonikis'),
                ('Nikos', 'Anastasiou', '1975-04-23', 'AL-441236', 'ID', 'T.A. Evoias'),
                ('Sakis', 'Almaliotis', '1977-03-14', 'AI-432525', 'ID', 'T.A. Thessalonikis');


INSERT INTO Customer_emails(NFC_ID, email) VALUES 
        (1, 'kostas.an2016@gmail.com'),
        (2, 'zacharias_anastasakis@gmail.com'),
        (3, 'metzakis_ioannis@gmail.com'),
        (4, 'giorgos_anastasiou@gmail.com'),
        (5, 'apostolos_molyvdas@gmail.com'),
        (6, 'fanis_padazis@gmail.com'),
        (7, 'paris_dariveris@gmail.com'),
        (8, 'nikos_apostolidis@gmail.com'),
        (9, 'nikos_arseniou@gmail.com'),
        (10, 'konstantinos_anastasiou@gmail.com'),
        (11, 'konstantinos_papadopoulos@gmail.com'),
        (12, 'ioannis_sotiriou@gmail.com'),
        (13, 'giorgos_antoniou@gmail.com'),
        (14, 'nikos_anastasiou@gmail.com'),
        (15, 'sakis_almaliotis@gmail.com');

INSERT INTO Customer_phones(NFC_ID, phone) VALUES 
        (1, '6976522415'),
        (1, '6971548542'),
        (2, '6978546990'),
        (3, '6974510090'),
        (4, '6941258840'),
        (5, '6936699512'),
        (6, '6942200589'),
        (7, '6974125836'),
        (8, '6973624582'),
        (9, '6974662556'),
        (10, '6988554025'),
        (11, '6942142535'),
        (12, '6942542535'),
        (13, '6972142935'),
        (14, '6979452535'),
        (15, '6972002535');


INSERT INTO Services(service_ID, service_description, reg_or_no_reg) VALUES 
        (0, 'room', 0), -- pseudo service
        (1, 'bar', 0),
        (2, 'restaurant', 0),
        (3, 'hair salon', 0),
        (4, 'gym', 1),
        (5, 'conference room', 1),
        (6, 'sauna', 1);

INSERT INTO Hotel_rooms(hotel_room_ID, number_of_beds, name_of_the_room, description_of_position) VALUES
        (1, 2, 'Room-1', 'First floor east corridor'),
        (2, 4, 'Room-2', 'First floor east corridor'),
        (3, 3, 'Room-3', 'First floor east corridor'),
        (4, 1, 'Room-4', 'First floor west corridor'),
        (5, 5, 'Room-5', 'First floor west corridor'),
        (6, 1, 'Room-6', 'First floor west corridor'),
        (7, 2, 'Room-7', 'First floor south corridor'),
        (8, 2, 'Room-8', 'First floor south corridor'),
        (9, 3, 'Room-9', 'First floor south corridor'),
        (10, 4, 'Room-10', 'First floor north corridor'),
        (11, 3, 'Room-11', 'First floor north corridor'),
        (12, 5, 'Room-12', 'First floor north corridor'),
        (13, 2, 'Room-13', 'Second floor east corridor'),
        (14, 4, 'Room-14', 'Second floor east corridor'),
        (15, 3, 'Room-15', 'Second floor east corridor'),
        (16, 1, 'Room-16', 'Second floor west corridor'),
        (17, 5, 'Room-17', 'Second floor west corridor'),
        (18, 1, 'Room-18', 'Second floor west corridor'),
        (19, 2, 'Room-19', 'Second floor south corridor'),
        (20, 2, 'Room-20', 'Second floor south corridor'),
        (21, 3, 'Room-21', 'Second floor south corridor'),
        (22, 4, 'Room-22', 'Second floor north corridor'),
        (23, 3, 'Room-23', 'Second floor north corridor'),
        (24, 5, 'Room-24', 'Second floor north corridor'),
        (25, 2, 'Room-25', 'Third floor east corridor'),
        (26, 4, 'Room-26', 'Third floor east corridor'),
        (27, 3, 'Room-27', 'Third floor east corridor'),
        (28, 1, 'Room-28', 'Third floor west corridor'),
        (29, 5, 'Room-29', 'Third floor west corridor'),
        (30, 1, 'Room-30', 'Third floor west corridor'),
        (31, 2, 'Room-31', 'Third floor south corridor'),
        (32, 2, 'Room-32', 'Third floor south corridor'),
        (33, 3, 'Room-33', 'Third floor south corridor'),
        (34, 4, 'Room-34', 'Third floor north corridor'),
        (35, 3, 'Room-35', 'Third floor north corridor'),
        (36, 5, 'Room-36', 'Third floor north corridor'),
        (37, 2, 'Room-37', 'Fourth floor east corridor'),
        (38, 4, 'Room-38', 'Fourth floor east corridor'),
        (39, 3, 'Room-39', 'Fourth floor east corridor'),
        (40, 1, 'Room-40', 'Fourth floor west corridor'),
        (41, 5, 'Room-41', 'Fourth floor west corridor'),
        (42, 1, 'Room-42', 'Fourth floor west corridor'),
        (43, 2, 'Room-43', 'Fourth floor south corridor'),
        (44, 2, 'Room-44', 'Fourth floor south corridor'),
        (45, 3, 'Room-45', 'Fourth floor south corridor'),
        (46, 4, 'Room-46', 'Fourth floor north corridor'),
        (47, 3, 'Room-47', 'Fourth floor north corridor'),
        (48, 5, 'Room-48', 'Fourth floor north corridor'),
        (300, 0, 'Hair salon', 'Basement'),
        (100, 0, 'Bar', 'Basement east corridor'),
        (101, 0, 'Bar', 'Basement west corridor'),
        (102, 0, 'Bar', 'Basement south corridor'),
        (103, 0, 'Bar', 'Basement east corridor'),
        (104, 0, 'Bar', 'Basement north corridor'),
        (105, 0, 'Bar', 'Basement west corridor'),
        (200, 0, 'Restaurant', 'Basement east corridor italian restaurant'),
        (201, 0, 'Restaurant', 'Basement west corridor ethnic restaurant'),
        (202, 0, 'Restaurant', 'Basement south corridor greek restaurant'),
        (203, 0, 'Restaurant', 'Basement north corridor italian restaurant'),
        (400, 0, 'Gym', 'Basement east corridor'),
        (401, 0, 'Gym', 'Basement south corridor'),
        (402, 0, 'Gym', 'Basement west corridor'),
        (403, 0, 'Gym', 'Basement north corridor'),
        (600, 0, 'Sauna', 'Basement east corridor'),
        (601, 0, 'Sauna', 'Basement north corridor'),
        (602, 0, 'Sauna', 'Basement north corridor'),
        (603, 0, 'Sauna', 'Basement west corridor'),
        (604, 0, 'Sauna', 'Basement south corridor'),
        (500, 0, 'Conference room', 'Basement east corridor'),
        (501, 0, 'Conference room', 'Basement south corridor'),
        (502, 0, 'Conference room', 'Basement south corridor'),
        (503, 0, 'Conference room', 'Basement west corridor'),
        (504, 0, 'Conference room', 'Basement north corridor');

INSERT INTO Registered_to_services(NFC_ID, service_ID, datetime_of_registration) VALUES
        (1, 4, '2021-04-23 15:10:00'),
        (1, 6, '2021-04-23 15:11:20'),
        (2, 5, '2021-06-12 09:13:55'),
        (3, 4, '2021-05-01 09:10:25'),
        (5, 4, '2021-04-25 09:00:24'),
        (5, 5, '2021-04-25 10:12:30'),
        (7, 4, '2021-04-01 12:10:58'),
        (9, 6, '2021-06-01 13:41:08'),
        (10, 4, '2021-04-12 06:11:55'),
        (10, 5, '2021-04-13 08:28:15'),
        (12, 6, '2021-06-10 09:25:56'),
        (13, 5, '2021-06-10 09:56:56'),
        (15, 5, '2021-04-29 09:47:51');

INSERT INTO Provided_to(hotel_room_ID, service_ID) VALUES
        (1, 0),
        (2, 0),
        (3, 0),
        (4, 0),
        (5, 0),
        (6, 0),
        (7, 0),
        (8, 0),
        (9, 0),
        (10, 0),
        (11, 0),
        (12, 0),
        (13, 0),
        (14, 0),
        (15, 0),
        (16, 0),
        (17, 0),
        (18, 0),
        (19, 0),
        (20, 0),
        (21, 0),
        (22, 0),
        (23, 0),
        (24, 0),
        (25, 0),
        (26, 0),
        (27, 0),
        (28, 0),
        (29, 0),
        (30, 0),
        (31, 0),
        (32, 0),
        (33, 0),
        (34, 0),
        (35, 0),
        (36, 0),
        (37, 0),
        (38, 0),
        (39, 0),
        (40, 0),
        (41, 0),
        (42, 0),
        (43, 0),
        (44, 0),
        (45, 0),
        (46, 0),
        (47, 0),
        (48, 0),
        (300, 3),
        (100, 1),
        (101, 1),
        (102, 1),
        (103, 1),
        (104, 1),
        (105, 1),
        (200, 2),
        (201, 2),
        (202, 2),
        (203, 2),
        (400, 4),
        (401, 4),
        (402, 4),
        (403, 4),
        (500, 5),
        (501, 5),
        (502, 5),
        (503, 5),
        (504, 5),
        (600, 6),
        (601, 6),
        (602, 6),
        (603, 6),
        (604, 6);

INSERT INTO Have_access(NFC_ID, hotel_room_ID, starting_time_date, ending_time_date) VALUES
        (1, 1, '2021-04-23 12:10:00', '2021-04-30 12:00:00'),
        (1, 100, '2021-04-23 12:10:00', '2021-04-30 12:00:00'),
        (1, 101, '2021-04-23 12:10:00', '2021-04-30 12:00:00'),
        (1, 102, '2021-04-23 12:10:00', '2021-04-30 12:00:00'),
        (1, 103, '2021-04-23 12:10:00', '2021-04-30 12:00:00'),
        (1, 104, '2021-04-23 12:10:00', '2021-04-30 12:00:00'),
        (1, 105, '2021-04-23 12:10:00', '2021-04-30 12:00:00'),
        (1, 200, '2021-04-23 12:10:00', '2021-04-30 12:00:00'),
        (1, 201, '2021-04-23 12:10:00', '2021-04-30 12:00:00'),
        (1, 202, '2021-04-23 12:10:00', '2021-04-30 12:00:00'),
        (1, 203, '2021-04-23 12:10:00', '2021-04-30 12:00:00'),
        (1, 300, '2021-04-23 12:10:00', '2021-04-30 12:00:00'),
        (1, 400, '2021-04-23 15:10:00', '2021-04-30 12:00:00'),
        (1, 401, '2021-04-23 15:10:00', '2021-04-30 12:00:00'),
        (1, 402, '2021-04-23 15:10:00', '2021-04-30 12:00:00'),
        (1, 403, '2021-04-23 15:10:00', '2021-04-30 12:00:00'),
        (1, 600, '2021-04-23 15:11:20', '2021-04-30 12:00:00'),
        (1, 601, '2021-04-23 15:11:20', '2021-04-30 12:00:00'),
        (1, 602, '2021-04-23 15:11:20', '2021-04-30 12:00:00'),
        (1, 603, '2021-04-23 15:11:20', '2021-04-30 12:00:00'),
        (1, 604, '2021-04-23 15:11:20', '2021-04-30 12:00:00'),
        (2, 5, '2021-06-12 09:01:00', '2021-06-14 11:00:00'),
        (2, 100, '2021-06-12 09:01:00', '2021-06-14 11:00:00'),
        (2, 101, '2021-06-12 09:01:00', '2021-06-14 11:00:00'),
        (2, 102, '2021-06-12 09:01:00', '2021-06-14 11:00:00'),
        (2, 103, '2021-06-12 09:01:00', '2021-06-14 11:00:00'),
        (2, 104, '2021-06-12 09:01:00', '2021-06-14 11:00:00'),
        (2, 105, '2021-06-12 09:01:00', '2021-06-14 11:00:00'),
        (2, 200, '2021-06-12 09:01:00', '2021-06-14 11:00:00'),
        (2, 201, '2021-06-12 09:01:00', '2021-06-14 11:00:00'),
        (2, 202, '2021-06-12 09:01:00', '2021-06-14 11:00:00'),
        (2, 203, '2021-06-12 09:01:00', '2021-06-14 11:00:00'),
        (2, 300, '2021-06-12 09:01:00', '2021-06-14 11:00:00'),
        (2, 500, '2021-06-12 13:15:20', '2021-06-14 11:00:00'),
        (2, 501, '2021-06-12 13:15:20', '2021-06-14 11:00:00'),
        (2, 502, '2021-06-12 13:15:20', '2021-06-14 11:00:00'),
        (2, 503, '2021-06-12 13:15:20', '2021-06-14 11:00:00'),
        (2, 504, '2021-06-12 13:15:20', '2021-06-14 11:00:00'),
        (3, 20, '2021-05-01 06:05:00', '2021-05-14 12:30:00'),
        (3, 100, '2021-05-01 06:05:00', '2021-05-14 12:30:00'),
        (3, 101, '2021-05-01 06:05:00', '2021-05-14 12:30:00'),
        (3, 102, '2021-05-01 06:05:00', '2021-05-14 12:30:00'),
        (3, 103, '2021-05-01 06:05:00', '2021-05-14 12:30:00'),
        (3, 104, '2021-05-01 06:05:00', '2021-05-14 12:30:00'),
        (3, 105, '2021-05-01 06:05:00', '2021-05-14 12:30:00'),
        (3, 300, '2021-05-01 06:05:00', '2021-05-14 12:30:00'),
        (3, 200, '2021-05-01 06:05:00', '2021-05-14 12:30:00'),
        (3, 201, '2021-05-01 06:05:00', '2021-05-14 12:30:00'),
        (3, 202, '2021-05-01 06:05:00', '2021-05-14 12:30:00'),
        (3, 203, '2021-05-01 06:05:00', '2021-05-14 12:30:00'),
        (3, 400, '2021-05-01 10:15:00', '2021-05-14 12:30:00'),
        (3, 401, '2021-05-01 10:15:00', '2021-05-14 12:30:00'),
        (3, 402, '2021-05-01 10:15:00', '2021-05-14 12:30:00'),
        (3, 403, '2021-05-01 10:15:00', '2021-05-14 12:30:00'),
        (4, 2, '2021-06-07 10:01:01', '2021-06-10 13:30:00'),
        (4, 100, '2021-06-07 10:01:01', '2021-06-10 13:30:00'),
        (4, 101, '2021-06-07 10:01:01', '2021-06-10 13:30:00'),
        (4, 102, '2021-06-07 10:01:01', '2021-06-10 13:30:00'),
        (4, 103, '2021-06-07 10:01:01', '2021-06-10 13:30:00'),
        (4, 104, '2021-06-07 10:01:01', '2021-06-10 13:30:00'),
        (4, 105, '2021-06-07 10:01:01', '2021-06-10 13:30:00'),
        (4, 200, '2021-06-07 10:01:01', '2021-06-10 13:30:00'),
        (4, 201, '2021-06-07 10:01:01', '2021-06-10 13:30:00'),
        (4, 202, '2021-06-07 10:01:01', '2021-06-10 13:30:00'),
        (4, 203, '2021-06-07 10:01:01', '2021-06-10 13:30:00'),
        (4, 300, '2021-06-07 10:01:01', '2021-06-10 13:30:00'),
        (5, 18, '2021-04-24 08:12:43', '2021-04-28 12:00:00'),
        (5, 100, '2021-04-24 08:12:43', '2021-04-28 12:00:00'),
        (5, 101, '2021-04-24 08:12:43', '2021-04-28 12:00:00'),
        (5, 102, '2021-04-24 08:12:43', '2021-04-28 12:00:00'),
        (5, 103, '2021-04-24 08:12:43', '2021-04-28 12:00:00'),
        (5, 104, '2021-04-24 08:12:43', '2021-04-28 12:00:00'),
        (5, 105, '2021-04-24 08:12:43', '2021-04-28 12:00:00'),
        (5, 200, '2021-04-24 08:12:43', '2021-04-28 12:00:00'),
        (5, 201, '2021-04-24 08:12:43', '2021-04-28 12:00:00'),
        (5, 202, '2021-04-24 08:12:43', '2021-04-28 12:00:00'),
        (5, 203, '2021-04-24 08:12:43', '2021-04-28 12:00:00'),
        (5, 300, '2021-04-24 08:12:43', '2021-04-28 12:00:00'),
        (5, 400, '2021-04-25 09:00:24', '2021-04-28 12:00:00'),
        (5, 401, '2021-04-25 09:00:24', '2021-04-28 12:00:00'),
        (5, 402, '2021-04-25 09:00:24', '2021-04-28 12:00:00'),
        (5, 403, '2021-04-25 09:00:24', '2021-04-28 12:00:00'),
        (5, 500, '2021-04-25 10:12:30', '2021-04-28 12:00:00'),
        (5, 501, '2021-04-25 10:12:30', '2021-04-28 12:00:00'),
        (5, 502, '2021-04-25 10:12:30', '2021-04-28 12:00:00'),
        (5, 503, '2021-04-25 10:12:30', '2021-04-28 12:00:00'),
        (5, 504, '2021-04-25 10:12:30', '2021-04-28 12:00:00'),
        (6, 12, '2021-03-30 08:11:55', '2021-04-03 11:30:00'),
        (6, 100, '2021-03-30 08:11:55', '2021-04-03 11:30:00'),
        (6, 101, '2021-03-30 08:11:55', '2021-04-03 11:30:00'),
        (6, 102, '2021-03-30 08:11:55', '2021-04-03 11:30:00'),
        (6, 103, '2021-03-30 08:11:55', '2021-04-03 11:30:00'),
        (6, 104, '2021-03-30 08:11:55', '2021-04-03 11:30:00'),
        (6, 105, '2021-03-30 08:11:55', '2021-04-03 11:30:00'),
        (6, 200, '2021-03-30 08:11:55', '2021-04-03 11:30:00'),
        (6, 201, '2021-03-30 08:11:55', '2021-04-03 11:30:00'),
        (6, 202, '2021-03-30 08:11:55', '2021-04-03 11:30:00'),
        (6, 203, '2021-03-30 08:11:55', '2021-04-03 11:30:00'),
        (6, 300, '2021-03-30 08:11:55', '2021-04-03 11:30:00'),
        (7, 11, '2021-04-01 10:00:00', '2021-04-10 11:00:00'),
        (7, 100, '2021-04-01 10:00:00', '2021-04-10 11:00:00'),
        (7, 101, '2021-04-01 10:00:00', '2021-04-10 11:00:00'),
        (7, 102, '2021-04-01 10:00:00', '2021-04-10 11:00:00'),
        (7, 103, '2021-04-01 10:00:00', '2021-04-10 11:00:00'),
        (7, 104, '2021-04-01 10:00:00', '2021-04-10 11:00:00'),
        (7, 105, '2021-04-01 10:00:00', '2021-04-10 11:00:00'),
        (7, 200, '2021-04-01 10:00:00', '2021-04-10 11:00:00'),
        (7, 201, '2021-04-01 10:00:00', '2021-04-10 11:00:00'),
        (7, 202, '2021-04-01 10:00:00', '2021-04-10 11:00:00'),
        (7, 203, '2021-04-01 10:00:00', '2021-04-10 11:00:00'),
        (7, 300, '2021-04-01 10:00:00', '2021-04-10 11:00:00'),
        (7, 400, '2021-04-01 10:12:58', '2021-04-10 11:00:00'),
        (7, 401, '2021-04-01 10:12:58', '2021-04-10 11:00:00'),
        (7, 402, '2021-04-01 10:12:58', '2021-04-10 11:00:00'),
        (7, 403, '2021-04-01 10:12:58', '2021-04-10 11:00:00'),
        (8, 40, '2021-04-10 11:20:01', '2021-04-13 12:10:00'),
        (8, 100, '2021-04-10 11:20:01', '2021-04-13 12:10:00'),
        (8, 101, '2021-04-10 11:20:01', '2021-04-13 12:10:00'),
        (8, 102, '2021-04-10 11:20:01', '2021-04-13 12:10:00'),
        (8, 103, '2021-04-10 11:20:01', '2021-04-13 12:10:00'),
        (8, 104, '2021-04-10 11:20:01', '2021-04-13 12:10:00'),
        (8, 105, '2021-04-10 11:20:01', '2021-04-13 12:10:00'),
        (8, 200, '2021-04-10 11:20:01', '2021-04-13 12:10:00'),
        (8, 201, '2021-04-10 11:20:01', '2021-04-13 12:10:00'),
        (8, 202, '2021-04-10 11:20:01', '2021-04-13 12:10:00'),
        (8, 203, '2021-04-10 11:20:01', '2021-04-13 12:10:00'),
        (8, 300, '2021-04-10 11:20:01', '2021-04-13 12:10:00'),
        (9, 41, '2021-06-01 10:00:45', '2021-06-08 12:00:00'),
        (9, 100, '2021-06-01 10:00:45', '2021-06-08 12:00:00'),
        (9, 101, '2021-06-01 10:00:45', '2021-06-08 12:00:00'),
        (9, 102, '2021-06-01 10:00:45', '2021-06-08 12:00:00'),
        (9, 103, '2021-06-01 10:00:45', '2021-06-08 12:00:00'),
        (9, 104, '2021-06-01 10:00:45', '2021-06-08 12:00:00'),
        (9, 105, '2021-06-01 10:00:45', '2021-06-08 12:00:00'),
        (9, 200, '2021-06-01 10:00:45', '2021-06-08 12:00:00'),
        (9, 201, '2021-06-01 10:00:45', '2021-06-08 12:00:00'),
        (9, 202, '2021-06-01 10:00:45', '2021-06-08 12:00:00'),
        (9, 203, '2021-06-01 10:00:45', '2021-06-08 12:00:00'),
        (9, 300, '2021-06-01 10:00:45', '2021-06-08 12:00:00'),
        (9, 600, '2021-06-01 13:41:08', '2021-06-08 12:00:00'),
        (9, 601, '2021-06-01 13:41:08', '2021-06-08 12:00:00'),
        (9, 602, '2021-06-01 13:41:08', '2021-06-08 12:00:00'),
        (9, 603, '2021-06-01 13:41:08', '2021-06-08 12:00:00'),
        (9, 604, '2021-06-01 13:41:08', '2021-06-08 12:00:00'),
        (10, 33, '2021-04-11 12:05:22', '2021-04-15 13:00:00'),
        (10, 100, '2021-04-11 12:05:22', '2021-04-15 13:00:00'),
        (10, 101, '2021-04-11 12:05:22', '2021-04-15 13:00:00'),
        (10, 102, '2021-04-11 12:05:22', '2021-04-15 13:00:00'),
        (10, 103, '2021-04-11 12:05:22', '2021-04-15 13:00:00'),
        (10, 104, '2021-04-11 12:05:22', '2021-04-15 13:00:00'),
        (10, 105, '2021-04-11 12:05:22', '2021-04-15 13:00:00'),
        (10, 200, '2021-04-11 12:05:22', '2021-04-15 13:00:00'),
        (10, 201, '2021-04-11 12:05:22', '2021-04-15 13:00:00'),
        (10, 202, '2021-04-11 12:05:22', '2021-04-15 13:00:00'),
        (10, 203, '2021-04-11 12:05:22', '2021-04-15 13:00:00'),
        (10, 300, '2021-04-11 12:05:22', '2021-04-15 13:00:00'),
        (10, 400, '2021-04-12 06:11:55', '2021-04-15 13:00:00'),
        (10, 401, '2021-04-12 06:11:55', '2021-04-15 13:00:00'),
        (10, 402, '2021-04-12 06:11:55', '2021-04-15 13:00:00'),
        (10, 403, '2021-04-12 06:11:55', '2021-04-15 13:00:00'),
        (10, 500, '2021-04-13 08:28:15', '2021-04-15 13:00:00'),
        (10, 501, '2021-04-13 08:28:15', '2021-04-15 13:00:00'),
        (10, 502, '2021-04-13 08:28:15', '2021-04-15 13:00:00'),
        (10, 503, '2021-04-13 08:28:15', '2021-04-15 13:00:00'),
        (10, 504, '2021-04-13 08:28:15', '2021-04-15 13:00:00'),
        (11, 27, '2021-04-15 12:20:00', '2021-04-22 12:00:00'),
        (11, 100, '2021-04-15 12:20:00', '2021-04-22 12:00:00'),
        (11, 101, '2021-04-15 12:20:00', '2021-04-22 12:00:00'),
        (11, 102, '2021-04-15 12:20:00', '2021-04-22 12:00:00'),
        (11, 103, '2021-04-15 12:20:00', '2021-04-22 12:00:00'),
        (11, 104, '2021-04-15 12:20:00', '2021-04-22 12:00:00'),
        (11, 105, '2021-04-15 12:20:00', '2021-04-22 12:00:00'),
        (11, 200, '2021-04-15 12:20:00', '2021-04-22 12:00:00'),
        (11, 201, '2021-04-15 12:20:00', '2021-04-22 12:00:00'),
        (11, 202, '2021-04-15 12:20:00', '2021-04-22 12:00:00'),
        (11, 203, '2021-04-15 12:20:00', '2021-04-22 12:00:00'),
        (11, 300, '2021-04-15 12:20:00', '2021-04-22 12:00:00'),
        (12, 8, '2021-06-10 09:12:21', '2021-06-16 11:45:00'),
        (12, 100, '2021-06-10 09:12:21', '2021-06-16 11:45:00'),
        (12, 101, '2021-06-10 09:12:21', '2021-06-16 11:45:00'),
        (12, 102, '2021-06-10 09:12:21', '2021-06-16 11:45:00'),
        (12, 103, '2021-06-10 09:12:21', '2021-06-16 11:45:00'),
        (12, 104, '2021-06-10 09:12:21', '2021-06-16 11:45:00'),
        (12, 105, '2021-06-10 09:12:21', '2021-06-16 11:45:00'),
        (12, 200, '2021-06-10 09:12:21', '2021-06-16 11:45:00'),
        (12, 201, '2021-06-10 09:12:21', '2021-06-16 11:45:00'),
        (12, 202, '2021-06-10 09:12:21', '2021-06-16 11:45:00'),
        (12, 203, '2021-06-10 09:12:21', '2021-06-16 11:45:00'),
        (12, 300, '2021-06-10 09:12:21', '2021-06-16 11:45:00'),
        (12, 600, '2021-06-10 09:25:56', '2021-06-16 11:45:00'),
        (12, 601, '2021-06-10 09:25:56', '2021-06-16 11:45:00'),
        (12, 602, '2021-06-10 09:25:56', '2021-06-16 11:45:00'),
        (12, 603, '2021-06-10 09:25:56', '2021-06-16 11:45:00'),
        (12, 604, '2021-06-10 09:25:56', '2021-06-16 11:45:00'),
        (13, 6, '2021-06-10 09:56:56', '2021-06-14 12:00:00'),
        (13, 100, '2021-06-10 09:56:56', '2021-06-14 12:00:00'),
        (13, 101, '2021-06-10 09:56:56', '2021-06-14 12:00:00'),
        (13, 102, '2021-06-10 09:56:56', '2021-06-14 12:00:00'),
        (13, 103, '2021-06-10 09:56:56', '2021-06-14 12:00:00'),
        (13, 104, '2021-06-10 09:56:56', '2021-06-14 12:00:00'),
        (13, 105, '2021-06-10 09:56:56', '2021-06-14 12:00:00'),
        (13, 200, '2021-06-10 09:56:56', '2021-06-14 12:00:00'),
        (13, 201, '2021-06-10 09:56:56', '2021-06-14 12:00:00'),
        (13, 202, '2021-06-10 09:56:56', '2021-06-14 12:00:00'),
        (13, 203, '2021-06-10 09:56:56', '2021-06-14 12:00:00'),
        (13, 300, '2021-06-10 09:56:56', '2021-06-14 12:00:00'),
        (13, 500, '2021-06-10 09:57:56', '2021-06-14 12:00:00'),
        (13, 501, '2021-06-10 09:57:56', '2021-06-14 12:00:00'),
        (13, 502, '2021-06-10 09:57:56', '2021-06-14 12:00:00'),
        (13, 503, '2021-06-10 09:57:56', '2021-06-14 12:00:00'),
        (13, 504, '2021-06-10 09:57:56', '2021-06-14 12:00:00'),
        (14, 22, '2021-04-07 10:01:40', '2021-04-14 10:00:00'),
        (14, 100, '2021-04-07 10:01:40', '2021-04-14 10:00:00'),
        (14, 101, '2021-04-07 10:01:40', '2021-04-14 10:00:00'),
        (14, 102, '2021-04-07 10:01:40', '2021-04-14 10:00:00'),
        (14, 103, '2021-04-07 10:01:40', '2021-04-14 10:00:00'),
        (14, 104, '2021-04-07 10:01:40', '2021-04-14 10:00:00'),
        (14, 105, '2021-04-07 10:01:40', '2021-04-14 10:00:00'),
        (14, 200, '2021-04-07 10:01:40', '2021-04-14 10:00:00'),
        (14, 201, '2021-04-07 10:01:40', '2021-04-14 10:00:00'),
        (14, 202, '2021-04-07 10:01:40', '2021-04-14 10:00:00'),
        (14, 203, '2021-04-07 10:01:40', '2021-04-14 10:00:00'),
        (14, 300, '2021-04-07 10:01:40', '2021-04-14 10:00:00'),
        (15, 13, '2021-04-29 07:05:55', '2021-05-03 11:00:00'),
        (15, 100, '2021-04-29 07:05:55', '2021-05-03 11:00:00'),
        (15, 101, '2021-04-29 07:05:55', '2021-05-03 11:00:00'),
        (15, 102, '2021-04-29 07:05:55', '2021-05-03 11:00:00'),
        (15, 103, '2021-04-29 07:05:55', '2021-05-03 11:00:00'),
        (15, 104, '2021-04-29 07:05:55', '2021-05-03 11:00:00'),
        (15, 105, '2021-04-29 07:05:55', '2021-05-03 11:00:00'),
        (15, 200, '2021-04-29 07:05:55', '2021-05-03 11:00:00'),
        (15, 201, '2021-04-29 07:05:55', '2021-05-03 11:00:00'),
        (15, 202, '2021-04-29 07:05:55', '2021-05-03 11:00:00'),
        (15, 203, '2021-04-29 07:05:55', '2021-05-03 11:00:00'),
        (15, 300, '2021-04-29 07:05:55', '2021-05-03 11:00:00'),
        (15, 500, '2021-04-29 09:47:51', '2021-05-03 11:00:00'),
        (15, 501, '2021-04-29 09:47:51', '2021-05-03 11:00:00'),
        (15, 502, '2021-04-29 09:47:51', '2021-05-03 11:00:00'),
        (15, 503, '2021-04-29 09:47:51', '2021-05-03 11:00:00'),
        (15, 504, '2021-04-29 09:47:51', '2021-05-03 11:00:00');


INSERT INTO Visit(NFC_ID, hotel_room_ID, date_time_of_entrance, date_time_of_exit) VALUES
		(1, 1, '2021-04-23 12:15:00', '2021-04-23 15:25:05'),
        (1, 300, '2021-04-23 15:30:00', '2021-04-23 16:00:00'),
        (1, 1, '2021-04-23 20:15:00', '2021-04-25 02:25:05'),
        (1, 100, '2021-04-25 02:55:00', '2021-04-25 04:00:00'),
        (1, 101, '2021-04-25 04:15:23', '2021-04-25 06:30:11'),
        (1, 1, '2021-04-26 12:15:00', '2021-04-26 15:30:23'),
        (1, 200, '2021-04-26 21:00:15', '2021-04-26 22:15:00'),
        (1, 1, '2021-04-27 08:20:00', '2021-04-27 21:18:05'),
        (1, 1, '2021-04-29 09:55:00', '2021-04-29 15:45:14'),
        (1, 401, '2021-04-23 16:15:00', '2021-04-23 17:25:05'),
        (1, 401, '2021-04-26 17:15:18', '2021-04-26 20:25:05'),
        (1, 603, '2021-04-27 22:14:18', '2021-04-27 23:01:05'),
        (1, 602, '2021-04-27 02:11:17', '2021-04-27 04:02:45'),
        (2, 5, '2021-06-12 09:20:00', '2021-06-12 09:50:00'),
        (2, 500, '2021-06-12 09:55:00', '2021-06-12 11:50:00'),
        (2, 501, '2021-06-12 12:40:00', '2021-06-12 13:55:22'),
        (2, 101, '2021-06-12 14:05:22', '2021-06-12 14:55:22'),
        (2, 5, '2021-06-12 15:15:00', '2021-06-13 10:15:12'),
        (2, 503, '2021-06-13 10:40:12', '2021-06-13 20:20:52'),
        (2, 300, '2021-06-13 20:30:01', '2021-06-13 21:00:15'),
        (2, 5, '2021-06-13 21:20:52', '2021-06-14 10:00:23'),
        (3, 20, '2021-05-01 06:15:00', '2021-05-06 10:00:23'),
        (3, 400, '2021-05-06 11:00:23', '2021-05-06 15:15:01'),
        (3, 202, '2021-05-06 16:15:01', '2021-05-06 17:00:05'),
        (3, 103, '2021-05-06 17:10:05', '2021-05-06 18:02:05'),
        (3, 401, '2021-05-06 18:15:01', '2021-05-06 20:01:15'), 
        (3, 20, '2021-05-06 21:20:15', '2021-05-10 15:11:15'),
        (3, 402, '2021-05-10 15:30:15', '2021-05-10 20:45:15'),
        (3, 20, '2021-05-10 20:58:44', '2021-05-13 10:45:15'),
        (3, 403, '2021-05-13 11:45:15', '2021-05-13 12:55:46'),
        (3, 20, '2021-05-13 13:22:46', '2021-05-14 12:00:12'),
        (4, 2, '2021-06-07 10:10:01', '2021-06-08 12:55:01'),
        (4, 300, '2021-06-08 13:02:01', '2021-06-08 14:32:00'),
        (4, 100, '2021-06-08 21:55:00', '2021-06-08 23:00:01'),
        (4, 200, '2021-06-08 23:30:00', '2021-06-09 01:10:00'),
        (4, 2, '2021-06-09 01:23:01', '2021-06-09 12:23:01'),
        (4, 201, '2021-06-09 14:05:05', '2021-06-09 16:00:02'),
        (4, 101, '2021-06-09 16:25:00', '2021-06-09 18:30:00'),
        (4, 2, '2021-06-09 20:18:01', '2021-06-10 12:30:49'),
        (5, 18, '2021-04-24 08:20:43', '2021-04-24 12:00:00'),
        (5, 401, '2021-04-24 13:12:43', '2021-04-24 14:55:12'),
        (5, 500, '2021-04-24 15:47:00', '2021-04-24 18:22:01'),
        (5, 502, '2021-04-24 18:55:14', '2021-04-24 20:48:01'),
        (5, 18, '2021-04-24 21:12:01', '2021-04-26 09:44:06'),
        (5, 403, '2021-04-26 11:55:01', '2021-04-26 15:01:06'),
        (5, 503, '2021-04-26 16:24:06', '2021-04-26 20:47:33'),
        (5, 18, '2021-04-26 21:12:01', '2021-04-27 11:00:05'),
        (5, 300, '2021-04-27 12:00:25', '2021-04-27 13:00:00'),
        (5, 100, '2021-04-27 13:30:00', '2021-04-27 15:25:11'),
        (5, 201, '2021-04-27 16:00:09', '2021-04-27 18:37:48'),
        (5, 202, '2021-04-27 18:45:48', '2021-04-27 22:00:48'),
        (5, 18, '2021-04-27 23:00:05', '2021-04-28 11:00:00'),
        (6, 12, '2021-03-30 08:20:55', '2021-03-30 11:30:00'),
        (6, 101, '2021-03-30 12:30:00', '2021-03-30 15:30:00'),
        (6, 12, '2021-03-30 18:18:44', '2021-04-02 09:30:00'),
        (6, 12, '2021-04-02 11:01:32', '2021-04-03 11:00:00'),
        (7, 11, '2021-04-01 10:30:00', '2021-04-02 11:00:00'),
        (7, 300, '2021-04-02 11:10:00', '2021-04-02 12:10:00'),
        (7, 400, '2021-04-02 12:30:00', '2021-04-02 14:25:14'),
        (7, 401, '2021-04-02 15:45:00', '2021-04-02 17:55:36'),
        (7, 202, '2021-04-02 18:01:00', '2021-04-02 19:20:00'),
        (7, 11, '2021-04-02 19:41:36', '2021-04-05 11:00:00'),
        (7, 402, '2021-04-05 11:30:55', '2021-04-05 14:25:14'),
        (7, 401, '2021-04-05 14:45:14', '2021-04-05 18:28:44'),
        (7, 11, '2021-04-05 20:30:55', '2021-04-08 11:02:14'),
        (7, 400, '2021-04-08 11:55:14', '2021-04-08 15:02:14'),
        (7, 11, '2021-04-08 16:01:21', '2021-04-10 10:30:00'),
        (8, 40, '2021-04-10 11:25:22', '2021-04-11 12:00:21'),
        (8, 101, '2021-04-11 12:30:00', '2021-04-11 13:25:00'),
        (8, 40, '2021-04-11 14:12:09', '2021-04-12 09:03:45'),
        (8, 101, '2021-04-12 14:20:11', '2021-04-12 16:11:10'),
        (8, 202, '2021-04-12 16:30:01', '2021-04-12 17:11:20'),
        (8, 40, '2021-04-12 18:12:00', '2021-04-13 12:00:05'),
        (9, 41, '2021-06-01 10:30:45', '2021-06-02 12:10:00'),
        (9, 300, '2021-06-02 12:30:11', '2021-06-02 13:20:01'),
        (9, 600, '2021-06-02 14:15:40', '2021-06-02 16:10:00'),
        (9, 601, '2021-06-02 17:55:40', '2021-06-02 18:10:00'),
        (9, 41, '2021-06-02 18:10:00', '2021-06-04 09:22:17'),
        (9, 602, '2021-06-04 10:22:17', '2021-06-04 15:44:17'),
        (9, 201, '2021-06-04 16:00:11', '2021-06-04 18:43:00'),
        (9, 41, '2021-06-04 20:11:19', '2021-06-06 08:41:12'),
        (9, 604, '2021-06-06 09:41:12', '2021-06-06 11:58:44'),
        (9, 603, '2021-06-06 13:52:12', '2021-06-06 16:14:44'),
        (9, 41, '2021-06-06 20:11:18', '2021-06-08 11:45:00'),
        (10, 33, '2021-04-11 12:20:00', '2021-04-12 08:00:00'),
        (10, 202, '2021-04-12 09:00:00', '2021-04-12 11:20:00'),
        (10, 400, '2021-04-12 12:20:00', '2021-04-12 14:22:19'),
        (10, 500, '2021-04-12 14:55:19', '2021-04-12 17:01:24'),
        (10, 33, '2021-04-12 18:23:24', '2021-04-13 17:00:24'),
        (10, 501, '2021-04-13 18:01:24', '2021-04-13 20:00:54'),
        (10, 403, '2021-04-13 21:23:24', '2021-04-13 22:44:24'),
        (10, 33, '2021-04-13 23:34:22', '2021-04-14 09:12:10'),
        (10, 402, '2021-04-14 11:12:10', '2021-04-14 13:54:33'),
        (10, 503, '2021-04-14 15:01:01', '2021-04-14 17:01:12'),
        (10, 400, '2021-04-14 18:00:12', '2021-04-14 20:09:01'),
        (10, 33, '2021-04-14 21:23:00', '2021-04-15 12:30:00'),
        (11, 27, '2021-04-15 12:30:00', '2021-04-16 08:15:00'),
        (11, 300, '2021-04-16 09:15:00', '2021-04-16 10:15:00'),
        (11, 201, '2021-04-16 11:35:20', '2021-04-16 14:38:59'),
        (11, 101, '2021-04-16 15:00:20', '2021-04-16 18:22:14'),
        (11, 27, '2021-04-16 21:30:00', '2021-04-18 09:20:00'),
        (11, 27, '2021-04-18 19:41:21', '2021-04-20 11:33:40'),
        (11, 27, '2021-04-21 15:22:47', '2021-04-22 11:30:15'),
        (12, 8, '2021-06-10 09:30:21', '2021-06-10 12:30:00'),
        (12, 600, '2021-06-10 15:22:48', '2021-06-10 18:30:00'),
        (12, 601, '2021-06-10 19:22:48', '2021-06-10 21:15:00'),
        (12, 8, '2021-06-10 22:15:00', '2021-06-12 15:15:00'),
        (12, 602, '2021-06-12 18:01:14', '2021-06-12 21:04:11'),
        (12, 8, '2021-06-12 22:14:25', '2021-06-13 09:15:00'),
        (12, 8, '2021-06-13 22:14:25', '2021-06-14 08:55:00'),
        (12, 603, '2021-06-14 10:45:10', '2021-06-14 13:01:42'),
        (12, 601, '2021-06-14 19:14:36', '2021-06-14 21:22:42'),
        (12, 8, '2021-06-14 23:01:58', '2021-06-15 08:14:55'),
        (12, 602, '2021-06-15 11:15:00', '2021-06-15 13:25:36'),
        (12, 604, '2021-06-15 15:23:58', '2021-06-15 20:14:47'),
        (12, 8, '2021-06-15 22:23:58', '2021-06-16 11:30:47'),
        (13, 6, '2021-06-10 11:56:56', '2021-06-10 12:00:00'),
        (13, 500, '2021-06-10 13:01:56', '2021-06-10 15:25:47'),
        (13, 501, '2021-06-10 16:57:14', '2021-06-10 18:46:12'),
        (13, 502, '2021-06-10 19:46:12', '2021-06-10 21:01:12'),
        (13, 201, '2021-06-10 21:30:12', '2021-06-10 22:00:25'),
        (13, 100, '2021-06-10 22:20:01', '2021-06-10 23:45:11'),
        (13, 6, '2021-06-10 23:55:18', '2021-06-12 09:01:12'),
        (13, 501, '2021-06-12 11:20:18', '2021-06-12 15:12:12'),
        (13, 503, '2021-06-12 18:11:02', '2021-06-12 22:24:12'),
        (13, 6, '2021-06-12 23:01:56', '2021-06-14 11:30:00'),
        (14, 22, '2021-04-07 10:15:40', '2021-04-09 12:24:14'),
        (14, 201, '2021-04-09 13:00:12', '2021-04-09 15:00:11'),
        (14, 22, '2021-04-09 15:14:40', '2021-04-11 22:01:58'),
        (14, 101, '2021-04-11 23:01:58', '2021-04-12 01:10:45'),
        (14, 22, '2021-04-12 01:19:40', '2021-04-13 18:01:58'),
        (14, 22, '2021-04-13 22:19:40', '2021-04-14 09:25:00'),
        (15, 13, '2021-04-29 07:20:55', '2021-04-29 11:00:00'),
        (15, 500, '2021-04-29 15:01:55', '2021-04-29 18:12:00'),
        (15, 13, '2021-04-29 22:20:55', '2021-04-30 11:00:00'),
        (15, 501, '2021-04-30 12:22:04', '2021-04-30 14:22:10'),
        (15, 502, '2021-04-30 16:01:10', '2021-04-30 18:11:40'),
        (15, 13, '2021-04-30 20:11:09', '2021-05-02 09:15:48'),
        (15, 504, '2021-05-02 11:15:48', '2021-05-02 14:11:09'),
        (15, 503, '2021-05-02 15:17:48', '2021-05-02 17:13:15'),
        (15, 13, '2021-05-02 19:00:35', '2021-05-03 10:00:00');

INSERT INTO Charge_for_service(NFC_ID, service_ID, datetime_of_the_event, charge_description, amount) VALUES
        (1, 0, '2021-04-23 12:10:00', 'Payment for the Room', 400),
        (1, 4, '2021-04-23 15:10:00', 'Payment for gym service', 30),
        (1, 6, '2021-04-23 15:11:20', 'Payment for sauna service', 25),
        (1, 3, '2021-04-23 16:00:00', 'Haircut', 10),
        (1, 1, '2021-04-25 03:00:00', 'Drink', 7),
        (1, 1, '2021-04-25 04:20:23', 'Coca Cola', 4),
        (1, 2, '2021-04-26 22:10:00', 'Dinner', 25),
        (2, 0, '2021-06-12 09:01:00', 'Payment for the Room', 600),
        (2, 5, '2021-06-12 09:13:55', 'Payment for conference room service', 40),
        (2, 1, '2021-06-12 14:35:22', 'Coca Cola', 4),
        (2, 3, '2021-06-13 21:00:15', 'Haircut', 10),
        (3, 0, '2021-05-01 06:15:00', 'Payment for the Room', 250),
        (3, 4, '2021-05-01 09:10:25', 'Payment for gym service', 30),
        (3, 2, '2021-05-06 16:55:05', 'Lunch', 20),
        (3, 1, '2021-05-06 17:30:05', 'Drink', 7),
        (4, 0, '2021-06-07 10:10:01', 'Payment for the Room', 500),
        (4, 3, '2021-06-08 14:32:00', 'Haircut', 15),
        (4, 1, '2021-06-08 22:15:00', 'Drink', 10),
        (4, 2, '2021-06-09 01:05:00', 'Dinner', 20),
        (4, 2, '2021-06-09 16:00:02', 'Lunch', 25),
        (4, 1, '2021-06-09 16:55:00', 'After lunch drink', 11),
        (5, 0, '2021-04-24 08:20:43', 'Payment for the Room', 150),
        (5, 4, '2021-04-25 09:00:24', 'Payment for gym service', 30),
        (5, 5, '2021-04-25 10:12:30', 'Payment for conference room service', 40),
        (5, 3, '2021-04-27 13:00:00', 'Haircut', 15),
        (5, 1, '2021-04-27 14:30:00', 'Drink', 7),
        (5, 2, '2021-04-27 18:32:48', 'Lunch', 30),
        (5, 2, '2021-04-27 21:00:48', 'Dinner', 25),
        (6, 0, '2021-03-30 08:20:55', 'Payment for the Room', 700),
        (6, 1, '2021-03-30 13:30:00', 'Drink', 7),
        (6, 1, '2021-03-30 13:50:00', 'Drink', 7),
        (7, 0, '2021-04-01 10:30:00', 'Payment for the Room', 350),
        (7, 4, '2021-04-01 12:10:58', 'Payment for gym service', 30),
        (7, 3, '2021-04-02 12:10:00', 'Haircut', 15),
        (7, 2, '2021-04-02 19:10:00', 'Lunch', 20),
        (8, 0, '2021-04-10 11:25:22', 'Payment for the Room', 150),
        (8, 1, '2021-04-11 12:45:00', 'Drink', 6),
        (8, 1, '2021-04-12 14:25:11', 'Coctail', 12),
        (8, 2, '2021-04-12 17:11:01', 'Lunch', 30),
        (9, 0, '2021-06-01 10:30:45', 'Payment for the Room', 750),
        (9, 6, '2021-06-01 13:41:08', 'Payment for sauna service', 25),
        (9, 3, '2021-06-02 13:20:01', 'Haircut', 10),
        (9, 2, '2021-06-04 18:43:00', 'Lunch', 20),
        (10, 0, '2021-04-11 12:20:00', 'Payment for the Room', 400),
        (10, 4, '2021-04-12 06:11:55', 'Payment for gym service', 30),
        (10, 5, '2021-04-13 08:28:15', 'Payment for conference room service', 40),
        (10, 2, '2021-04-12 11:15:00', 'Lunch', 25),
        (11, 0, '2021-04-15 12:30:00', 'Payment for the Room', 400),
        (11, 3, '2021-04-16 10:15:00', 'Haircut', 10),
        (11, 2, '2021-04-16 14:38:59', 'Brunch', 15),
        (11, 1, '2021-04-16 15:25:20', 'Coctail', 12),
        (11, 1, '2021-04-16 15:55:20', 'Coctail', 12),
        (12, 0, '2021-06-10 09:30:21', 'Payment for the Room', 300),
        (12, 6, '2021-06-10 09:25:56', 'Payment for sauna service', 25),
        (13, 0, '2021-06-10 11:56:56', 'Payment for the Room', 175),
        (13, 5, '2021-06-10 09:56:56', 'Payment for conference room service', 40),
        (13, 2, '2021-06-10 22:00:00', 'Dinner', 34),
        (13, 1, '2021-06-10 22:40:01', 'Drink', 7),
        (14, 0, '2021-04-07 10:15:40', 'Payment for the Room', 450),
        (14, 2, '2021-04-09 15:00:00', 'Lunch', 25),
        (14, 1, '2021-04-11 00:01:58', 'Drink', 8),
        (15, 0, '2021-04-29 07:20:55', 'Payment for the Room', 250),
        (15, 5, '2021-04-29 09:47:51', 'Payment for conference room service', 40);

INSERT INTO Receive_services(NFC_ID, service_ID, datetime_of_the_event) VALUES
        (1, 0, '2021-04-23 12:10:00'),
        (1, 4, '2021-04-23 15:10:00'),
        (1, 6, '2021-04-23 15:11:20'),
        (1, 3, '2021-04-23 16:00:00'),
        (1, 1, '2021-04-25 03:00:00'),
        (1, 1, '2021-04-25 04:20:23'),
        (1, 2, '2021-04-26 22:10:00'),
        (2, 0, '2021-06-12 09:01:00'),
        (2, 5, '2021-06-12 09:13:55'),
        (2, 1, '2021-06-12 14:35:22'),
        (2, 3, '2021-06-13 21:00:15'),
        (3, 0, '2021-05-01 06:15:00'),
        (3, 4, '2021-05-01 09:10:25'),
        (3, 2, '2021-05-06 16:55:05'),
        (3, 1, '2021-05-06 17:30:05'),
        (4, 0, '2021-06-07 10:10:01'),
        (4, 3, '2021-06-08 14:32:00'),
        (4, 1, '2021-06-08 22:15:00'),
        (4, 2, '2021-06-09 01:05:00'),
        (4, 2, '2021-06-09 16:00:02'),
        (4, 1, '2021-06-09 16:55:00'),
        (5, 0, '2021-04-24 08:20:43'),
        (5, 4, '2021-04-25 09:00:24'),
        (5, 5, '2021-04-25 10:12:30'),
        (5, 3, '2021-04-27 13:00:00'),
        (5, 1, '2021-04-27 14:30:00'),
        (5, 2, '2021-04-27 18:32:48'),
        (5, 2, '2021-04-27 21:00:48'),
        (6, 0, '2021-03-30 08:20:55'),
        (6, 1, '2021-03-30 13:30:00'),
        (6, 1, '2021-03-30 13:50:00'),
        (7, 0, '2021-04-01 10:30:00'),
        (7, 4, '2021-04-01 12:10:58'),
        (7, 3, '2021-04-02 12:10:00'),
        (7, 2, '2021-04-02 19:10:00'),
        (8, 0, '2021-04-10 11:25:22'),
        (8, 1, '2021-04-11 12:45:00'),
        (8, 1, '2021-04-12 14:25:11'),
        (8, 2, '2021-04-12 17:11:01'),
        (9, 0, '2021-06-01 10:30:45'),
        (9, 6, '2021-06-01 13:41:08'),
        (9, 3, '2021-06-02 13:20:01'),
        (9, 2, '2021-06-04 18:43:00'),
        (10, 0, '2021-04-11 12:20:00'),
        (10, 4, '2021-04-12 06:11:55'),
        (10, 5, '2021-04-13 08:28:15'),
        (10, 2, '2021-04-12 11:15:00'),
        (11, 0, '2021-04-15 12:30:00'),
        (11, 3, '2021-04-16 10:15:00'),
        (11, 2, '2021-04-16 14:38:59'),
        (11, 1, '2021-04-16 15:25:20'),
        (11, 1, '2021-04-16 15:55:20'),
        (12, 0, '2021-06-10 09:30:21'),
        (12, 6, '2021-06-10 09:25:56'),
        (13, 0, '2021-06-10 11:56:56'),
        (13, 5, '2021-06-10 09:56:56'),
        (13, 2, '2021-06-10 22:00:00'),
        (13, 1, '2021-06-10 22:40:01'),
        (14, 0, '2021-04-07 10:15:40'),
        (14, 2, '2021-04-09 15:00:00'),
        (14, 1, '2021-04-11 00:01:58'),
        (15, 0, '2021-04-29 07:20:55'),
        (15, 5, '2021-04-29 09:47:51');